<?xml version="1.0" encoding="utf-8"?>
<RelativeLayout xmlns:android="http://schemas.android.com/apk/res/android"
    android:orientation="vertical" android:layout_width="match_parent"
    android:layout_height="match_parent" android:weightSum="1" android:background="#ffffffff">

    <FrameLayout android:id="@+id/frameLayout1" android:layout_width="wrap_content"
        android:layout_height="wrap_content">

    </FrameLayout>

    <ImageButton android:layout_height="150dp" android:layout_width="150dp"
        android:id="@+id/imageButton" android:src="@drawable/pyrite"
        android:layout_gravity="right|center_vertical" android:layout_marginLeft="25dp"
        android:layout_marginTop="25dp" android:layout_below="@+id/frameLayout1"
        android:layout_toRightOf="@+id/frameLayout1" />

    <ImageButton android:layout_height="150dp" android:layout_width="150dp"
        android:id="@+id/imageButton3" android:src="@drawable/quartz"
        android:layout_gravity="right|center_vertical" android:layout_alignBottom="@+id/imageButton"
        android:layout_centerHorizontal="true" />

    <ImageButton android:layout_height="150dp" android:layout_width="150dp"
        android:id="@+id/imageButton4" android:src="@drawable/galena"
        android:layout_gravity="right|center_vertical" android:layout_marginRight="25dp"
        android:layout_marginTop="0dp" android:layout_alignTop="@+id/imageButton3"
        android:layout_alignParentRight="true" />

    <ImageButton android:layout_height="150dp" android:layout_width="150dp"
        android:id="@+id/imageButton5" android:layout_gravity="right|center_vertical"
        android:src="@drawable/gypsum" android:layout_below="@+id/imageButton"
        android:layout_alignLeft="@+id/imageButton" android:layout_marginTop="66dp" />


    <ImageButton android:layout_height="150dp" android:layout_width="150dp"
        android:id="@+id/imageButton6" android:src="@drawable/mimeite"
        android:layout_gravity="right|center_vertical" android:layout_alignTop="@+id/imageButton5"
        android:layout_alignRight="@+id/imageButton3" />

    <ImageButton android:layout_height="150dp" android:layout_width="150dp"
        android:id="@+id/imageButton7" android:layout_gravity="right|center_vertical"
        android:layout_alignTop="@+id/imageButton6" android:layout_alignLeft="@+id/imageButton4"
        android:src="@drawable/biotite" />

    <ImageButton android:layout_height="150dp" android:layout_width="150dp"
        android:id="@+id/imageButton8" android:src="@drawable/okenite"
        android:layout_gravity="right|center_vertical" android:layout_below="@+id/imageButton6"
        android:layout_alignLeft="@+id/imageButton6" android:layout_marginTop="66dp" />

    <ImageButton android:layout_height="150dp" android:layout_width="150dp"
        android:id="@+id/imageButton9" android:src="@drawable/celestite"
        android:layout_gravity="right|center_vertical" android:layout_alignTop="@+id/imageButton8"
        android:layout_alignLeft="@+id/imageButton7" />

    <ImageButton android:layout_height="150dp" android:layout_width="150dp"
        android:id="@+id/imageButton10" android:src="@drawable/apophyllite"
        android:layout_gravity="right|center_vertical" android:layout_alignTop="@+id/imageButton8"
        android:layout_alignLeft="@+id/imageButton5" />

    <Button style="?android:attr/buttonStyleSmall" android:layout_width="wrap_content"
        android:layout_height="wrap_content" android:text="Home" android:id="@+id/button3"
        android:textSize="25dp" android:layout_marginTop="110dp"
        android:layout_below="@+id/imageButton10" android:layout_alignLeft="@+id/imageButton10"
        android:layout_toLeftOf="@+id/imageButton8" />

    <Button style="?android:attr/buttonStyleSmall" android:layout_width="wrap_content"
        android:layout_height="wrap_content" android:text="Game" android:id="@+id/button4"
        android:textSize="25dp" android:layout_alignTop="@+id/button3"
        android:layout_alignRight="@+id/imageButton9"
        android:layout_toRightOf="@+id/imageButton8" />

</RelativeLayout>
